INSERT INTO
  `icons` (`icon_id`, `icon_uri`, `is_original`)
VALUES
  (
    '1',
    'https://encrypted-tbn0.gstatic.com/images?q=tbn%3AANd9GcRM7twsvabiQK9qkD_UJ6oe3etWqEcmmDmm7bT11wKcYjIHHRdg&usqp=CAU',
    false
  ),
  (
    '2',
    'https://encrypted-tbn0.gstatic.com/images?q=tbn%3AANd9GcTqsP9Y5UVFxtURRBx0S64qXga6PnwuQvGSEnr8dnPZFXx8CEn_&usqp=CAU',
    false
  ),
  (
    '3',
    'https://www.phileweb.com/news/ogp/d-av/433/43393.jpg',
    false
  ),
  (
    '4',
    'https://encrypted-tbn0.gstatic.com/images?q=tbn%3AANd9GcQ-Q_9dqaFbmLjzmCDH34MckHEB0lyz0sPlVicUMz8BHNrWeTZh&usqp=CAU',
    false
  ),
  (
    '5',
    "https://encrypted-tbn0.gstatic.com/images?q=tbn%3AANd9GcSN5KxJHBpt4Js5-bq66eYR5hU7h-c-_rI5K_xSRB5gdYwNCWo7&usqp=CAU",
    false
  ),
  (
    '6',
    'https://encrypted-tbn0.gstatic.com/images?q=tbn%3AANd9GcS22O52CYIRK2yUDJJxJZGojgrdNB_MtyDT89iNGCBo2KXZFYlJ&usqp=CAU',
    false
  ),
  (
    '7',
    'https://www.youtube.com/yts/img/yt_1200-vflhSIVnY.png',
    false
  ),
  (
    '8',
    'https://www.google.com/imgres?imgurl=https%3A%2F%2Fi.pinimg.com%2Foriginals%2F4c%2F75%2Fb6%2F4c75b6d6ac8f2889ca876f9f0c6f7431.png&imgrefurl=https%3A%2F%2Fwww.pinterest.jp%2Fpin%2F568086940488849817%2F&tbnid=JnkBp9V3xJU3PM&vet=10CAUQxiAoBWoXChMI8LOB5cb46QIVAAAAAB0AAAAAEAY..i&docid=h9edYFJSra3kSM&w=621&h=543&itg=1&q=ABEMA&ved=0CAUQxiAoBWoXChMI8LOB5cb46QIVAAAAAB0AAAAAEAY',
    false
  ),
  (
    '9',
    'https://encrypted-tbn0.gstatic.com/images?q=tbn%3AANd9GcQd9y5k44X4_-ooeXttOOZAU5Hqw8M0y6mL2UMh6Sv7bXrHMs40&usqp=CAU',
    false
  ),
  (
    '10',
    'https://encrypted-tbn0.gstatic.com/images?q=tbn%3AANd9GcTeKSomfH4pPSrhZ9hGPkbifLosKXZkM6FII_Y1bkHJagUDKYHh&usqp=CAU',
    false
  ),
  (
    '11',
    'https://encrypted-tbn0.gstatic.com/images?q=tbn%3AANd9GcQ_E9rsZrWN3OZCITXQ5_wchvX2EzYLcRxeS4DXRe9fvRermRow&usqp=CAU',
    false
  ),
  (
    '12',
    'https://encrypted-tbn0.gstatic.com/images?q=tbn%3AANd9GcRK30cvPcghmpFVWj4OUr4zwv4bwfuUyHAm9SOXhmAqxH8UTIss&usqp=CAU',
    false
  ),
  (
    '13',
    'https://encrypted-tbn0.gstatic.com/images?q=tbn%3AANd9GcQKj8t3QUbozG5NcWyqz8AYaE13L9y5geTC-WIEBIjkqPsB34Ft&usqp=CAU',
    false
  ),
  (
    '14',
    'https://encrypted-tbn0.gstatic.com/images?q=tbn%3AANd9GcQvSi755erbaw2x6ZIueU6LLXTqrbkvVVzdEQQeJVPCdx4_AMRX&usqp=CAU',
    false
  ),
  (
    '15',
    'https://encrypted-tbn0.gstatic.com/images?q=tbn%3AANd9GcQ-gtv_UB0ppdtCA7r1MCXOOUglBPoFGi1OzaGtiK4mGOdpZsa0&usqp=CAU',
    false
  ),
  (
    '16',
    'https://encrypted-tbn0.gstatic.com/images?q=tbn%3AANd9GcT-ICloiFvVoIdr5IPtqmrX_T7uXWbRlHoaK48AbXIzzB7SC0gK&usqp=CAU',
    false
  ),
  (
    '17',
    'https://is1-ssl.mzstatic.com/image/thumb/Purple123/v4/71/b9/1f/71b91f39-4393-ad72-4740-2d649cdd35de/AppIcon-1x_U007emarketing-0-7-0-0-85-220.png/246x0w.png',
    false
  ),
  (
    '18',
    'https://encrypted-tbn0.gstatic.com/images?q=tbn%3AANd9GcQKvWUMgppRkdx1uTy1Rz8JCpk2sERmqp1z4UDQ_bsqk2jT24nr&usqp=CAU',
    false
  ),
  (
    '19',
    'https://encrypted-tbn0.gstatic.com/images?q=tbn%3AANd9GcRiIWzrdvXoaWgGrSyNjHiuQhzcaW7R0SMeK6TJR2tNUhNpjdKk&usqp=CAU',
    false
  ),
  (
    '20',
    'https://encrypted-tbn0.gstatic.com/images?q=tbn%3AANd9GcTn6X0NMP2Wot5k-k-si--txQAEGGxnAR5SGCsg2tmZmahiOBbf&usqp=CAU',
    false
  ),
  (
    '21',
    'https://encrypted-tbn0.gstatic.com/images?q=tbn%3AANd9GcRFpAm99JWdJt5Bc9uHYDOFd0NwAoptl7g0PQPhV-XoDch3WDHe&usqp=CAU',
    true
  ),
  (
    '22',
    'https://encrypted-tbn0.gstatic.com/images?q=tbn%3AANd9GcRQsm8p-kn8_FI0i3QB7pXeL-7PBOGDIsJyPfNRvyo9xzKM9h53&usqp=CAU',
    true
  ),
  (
    '23',
    'https://encrypted-tbn0.gstatic.com/images?q=tbn%3AANd9GcRT3sHYHeFv3WxodKN2XYqdSGRNm6vQWiEbbzj5OnyjM6ae3ARp&usqp=CAU',
    true
  ),
  (
    '24',
    'https://encrypted-tbn0.gstatic.com/images?q=tbn%3AANd9GcR8b0IA3KsLKSA4fJQ2SEJylF1OQItIFjun5U4oOyD2yk-zIaH1&usqp=CAU',
    true
  ),
  (
    '25',
    'https://encrypted-tbn0.gstatic.com/images?q=tbn%3AANd9GcS8jkJVeUiJXTVRMq5aiEDvBb5PsVAG4Boa7p-u6BXe3ex66tXq&usqp=CAU',
    true
  );

INSERT INTO 
  `subscriptions`(
    `subscription_id`,
    `icon_id`,
    `service_name`,
    `service_type`,
    `price`,
    `cycle`,
    `is_original`,
    `free_trial`
  )
  VALUES
    ('1', '1', 'AWA', '2', 1080, 1, false, 1),
    ('2', '2', 'AppleMusic', '2', 1080, 1, false, 1),
    ('3', '3', 'Spotify', '2', 1080, 1, false, 1),
    ('4', '4', 'YouTubeMusic', '2', 1080, 1, false, 1),
    ('5', '5', 'LINEMusic', '2', 1080, 1, false, 1),
    ('6', '6', 'AmazonMusicUnlimited', '2', 1080, 1, false, 1),
    ('7', '7', 'Youtube', '3', 1080, 1, false, 1),
    ('8', '8', 'ABEMA', '3', 1080, 1, false, 1),
    ('9', '9', 'Netflix', '3', 1080, 1, false, 1),
    ('10', '10', 'AmazonPrimeVideo', '3', 1080, 1, false, 1),
    ('11', '11', 'Hulu', '3', 1080, 1, false, 1),
    ('12', '12', 'OPENREC', '3', 1080, 1, false, 1),
    ('13', '13', 'dアニメストア', '3', 1080, 1, false, 1),
    ('14', '14', 'FOD', '3', 1080, 1, false, 1),
    ('15', '15', 'Tapple', '4', 1080, 1, false, 1),
    ('16', '16', 'CrossMe', '4', 1080, 1, false, 1),
    ('17', '17', 'Tinder', '4', 1080, 1, false, 1),
    ('18', '18', 'With', '4', 1080, 1, false, 1),
    ('19', '19', 'iCloud', '5', 1080, 1, false, 1),
    ('20', '20', 'googleCloud', '5', 1080, 1, false, 1);

INSERT INTO
  `user_subscriptions`(
    `user_subscription_id`,
    `subscription_id`,
    `user_id`,
    `price`,
    `cycle`
  )
VALUES
  ('1', '1', 'user_token1', 1080, 1),
  ('2', '2', 'user_token2', 1080, 1),
  ('3', '3', 'user_token2', 1500, 3);
